926,Sudarwadji,1115500
967,Musa Palit,4359850
1119,Bambang Prasetyo,12734361
1155,Zulfadli S,7000000
1160,Effendi Siboro,5000000
1244,Djaelani,3188630
1281,Badri,3677687
1309,Eddy Rianto,4198611
1316,Priyanto,4716667
1395,Juaeni,3225209
1408,Ruin Haryanto,4022783
1440,Hari Trusianto,7590625
1467,Nicanor Pasang,5751627
1503,Mursalin,9797760
1509,Johannes Hane,5524750
1543,Aboel Basuki,11540921
1547,Haryoto Sudjono,4507950
1548,Yusak Bulo,9545259
1554,Bambang Suhartono,4352238
1556,Sairin,7946726
1558,Alexander Purwoko,10000000
1563,Sabaruddin Samad,2571662
1566,Darius Ch Tambuku,7218003
1572,Akram,4326625
1575,Herry C Pelealu,9474383
1634,Subur Prasetyo,4336111